,author_id,id,text,lang,created_at
0,1455206438565974016,1539009917192904704,"Do you need help  finishing your assignment
pay sociology
someone write
pay biology
Physics
pay final
pay accounts
term paper
pay statistics
pay online class 
pay essay
pay paper [
#python
#javascript
#WomenWhocode
#100DaysOfCode 
Dm @Excelle92486040",en,2022-06-20T22:18:52.000Z
1,1524278963689951235,1539009890232025088,"Pay us to do or write your 
#Assignments 
#calculus 
#homework
#Homeworkhelp 
#summerclasses 
#Onlineclass 
#essayhelp 
#Essaydue 
#essaywrite 
#Essays
#Music
#Art
#Law 
#Javascript
#Python
#Programming
#CodeNewbies 
#100daysofcode
#webdevelopment 
#Datascience
Dm us now for help https://t.co/Si0UT1l3By",en,2022-06-20T22:18:45.000Z
2,1463278843494498306,1539009796149497857,"Day 10/100

Finally, my laptop has been fixed, been busy with other stuff while my laptop was repaired

I learnt
- how to create dictionaries, how to delete dictionary entries, dictionary vs lists
- dictionary operation
- how to create a text file

using python

#100DaysOfCode",en,2022-06-20T22:18:23.000Z
3,1538995386018299909,1539009697650466818,"Livraison gratuite et rapide
WhatsApp 33 7 57 75 33 13
T√©l√®gram :@jasonbudds1

#Linux #100DaysofCode #PSG #france #weed #beuh #shit #cocaine #drogue #Toulouse #Montpellier #LOSC #Lyon #Bordeaux #pau #Grenoble #paris #citation #MrProverbe #Python #JavaScript #Bordeaux #n√Æmes #Nant https://t.co/W8dxTjpto8",fr,2022-06-20T22:17:59.000Z
4,1301752788964306944,1539009587411619842,Day 1 of #100DaysOfCode #Python I let‚Äôs see what tomorrow has. https://t.co/AVFLc8fmCK,en,2022-06-20T22:17:33.000Z
5,1409513823502061571,1539009516431360000,"Grade A+ assured in any timed paper
#Essay due
#Pay write
#javascript
#Online class take
#Philosophy 
#Chemistry
Literature
#Calculus1,2
#Biology
#Python
#Nursing
#psychology
#Essayhelp
#Essay
#Essaypay
#100DaysOfCode
#WomenWhoCode
#Java
#Linux.
Mathlab
WhatsApp +1(479)351-8400",en,2022-06-20T22:17:16.000Z
6,1524278963689951235,1539009505840840705,"Pay us to do or write your 
#Assignments 
#calculus 
#homework
#Homeworkhelp 
#summerclasses 
#Onlineclass 
#essayhelp 
#Essaydue 
#essaywrite 
#Essays
#Music
#Art
#Law 
#Javascript
#Python
#Programming
#CodeNewbies 
#100daysofcode
#webdevelopment 
#Datascience
Dm us now for help https://t.co/prw5JJbDvv",en,2022-06-20T22:17:14.000Z
7,1276106778506387457,1539009011386920966,"#Day20 of #100DaysOfDSA
YES! i said i'm going to solve some leetcode problems on arrays. i started yesterday, saw a question i couldn't solveüôÅ, i went back to read on arrays and today i was able to solve 3 leetcode questions on arrays... 1/3
#100DaysOfCode #python #coding #ASUU",en,2022-06-20T22:15:16.000Z
8,1538995386018299909,1539008652882989057,"Livraison  rapideüá´üá∑ a domicile
WhatsApp 33 7 57 75 33 13
T√©l√®gram :@jasonbudds1
#Linux #100DaysofCode #PSG #france #weed #beuh #shit #cocaine #drogue #Toulouse #Montpellier #LOSC #Lyon #rastabot #pau #Grenoble #paris #citation #saintdenis #Python #Java #Bordeaux #n√Æmes #Nant https://t.co/yYGOnaZsel",fr,2022-06-20T22:13:50.000Z
9,1281645834275258370,1539008632796467207,"Stress no more
#Assignments 
#calculus 
#homework
#Homeworkhelp 
#summerclasses 
#Onlineclass 
#essayhelp 
#Essaydue 
#essaywrite 
#Essays
#Music
#Art
#Law 
#Javascript
#Python
#Programming
#CodeNewbies 
#100daysofcode
#webdevelopment 
#Datascience
Dm now for help @Brianna_Essays",en,2022-06-20T22:13:46.000Z
10,1243665419501744133,1539007792954200066,"""The wisdom of life consists in the elimination of the nonessentials.""- Lin Yutang #softwareengineer #javascript #python #C++ #golang #nodejs #reactjs #stockopertor #highgrowthstocks $SPX $QQQ $RUT $VIX #canslim #100DaysOfCode",en,2022-06-20T22:10:25.000Z
11,1524278963689951235,1539007773119332353,"Pay us to do or write your 
#Assignments 
#calculus 
#homework
#Homeworkhelp 
#summerclasses 
#Onlineclass 
#essayhelp 
#Essaydue 
#essaywrite 
#Essays
#Music
#Art
#Law 
#Javascript
#Python
#Programming
#CodeNewbies 
#100daysofcode
#webdevelopment 
#Datascience
Dm us now for help https://t.co/aaJOXmNxfF",en,2022-06-20T22:10:21.000Z
12,75673231,1539007433770733570,"Gorillas Talks Merger, Sale Potential with Grocery Delivery Rivals

https://t.co/fpXmyGWlMx

#Metaverse #NFT #tech #analytics #AI #digital #Python #flutter #marketing #JavaScript #IoT #100DaysofCode #bot #fintech #insurtech #finserv #GovTech #DeFi #WomenInTech #BNPL #coding #IoT",en,2022-06-20T22:09:00.000Z
13,1324419772893810693,1539007097815322624,"Homework Help üëáüëá

https://t.co/6cW2LFPpJ3 

#DataScientists #ML #DataScience #SQL #Cybersecurity #BigData #Analytics #AI #IIoT #Python #RStats #TensorFlow #JavaScript #ReactJS #CloudComputing #Serverless #Linux #Programming #Coding #100DaysofCode #NLP",en,2022-06-20T22:07:40.000Z
14,1247813831880998912,1539007002587840512,"Day 68-70
Late work with C and #Python
ü´•

#100DaysOfCode
#WomenWhoCode
#GirlsWhoCode #techtwitter #BlackTechTwitter https://t.co/JnXKLS70PE",en,2022-06-20T22:07:17.000Z
15,1538995386018299909,1539006993062457344,"Livraison fiable &amp; s√©curis√©üëá
üö®üá´üá∑
WhatsApp :+33 7 57 75 33 13
‚è∞
#Dijon #citation #saintdenis #Python #Toulon #ReactJS #franceverte #IoT #Qu√©bec #100DaysofCode #PSG #Nantes #weed #beuh #shit #cocaine #drogue #trappes #LOSC #Lyon #aix #pau #Clermont #caen #laval #bondy #roubaix https://t.co/9uKJresxVT",fr,2022-06-20T22:07:15.000Z
16,1524278963689951235,1539006963442503680,"Pay us to do or write your 
#Assignments 
#calculus 
#homework
#Homeworkhelp 
#summerclasses 
#Onlineclass 
#essayhelp 
#Essaydue 
#essaywrite 
#Essays
#Music
#Art
#Law 
#Javascript
#Python
#Programming
#CodeNewbies 
#100daysofcode
#webdevelopment 
#Datascience
Dm us now for help https://t.co/BAZx1TsDqp",en,2022-06-20T22:07:08.000Z
17,1324419772893810693,1539006959432646661,"Pay someone to do 
your homework.üëáüëá

https://t.co/6cW2LFPpJ3 

#DataScientists #ML #DataScience #SQL #Cybersecurity #BigData #Analytics #AI #IIoT #Python #RStats #TensorFlow #JavaScript #ReactJS #CloudComputing #Serverless #Linux #Programming #Coding #100DaysofCode #NLP",en,2022-06-20T22:07:07.000Z
18,1524278963689951235,1539006636248932353,"Pay us to do or write your 
#Assignments 
#calculus 
#homework
#Homeworkhelp 
#summerclasses 
#Onlineclass 
#essayhelp 
#Essaydue 
#essaywrite 
#Essays
#Music
#Art
#Law 
#Javascript
#Python
#Programming
#CodeNewbies 
#100daysofcode
#webdevelopment 
#Datascience
Dm us now for help https://t.co/mlXT992idJ",en,2022-06-20T22:05:50.000Z
19,2575432553,1539005804547919873,Day 8: Today I learned more about maps and structures in #golang for tomorrow my hate/love Regexp (also in #pythonlearning ) #100DaysOfCode #developers #learntocode #Python #dataengineering,en,2022-06-20T22:02:31.000Z
20,397840851,1539005712268861442,"Pay someone to do 
your homework.üëáüëá

https://t.co/sIswV21nIB 

#DataScientists #ML #DataScience #SQL #Cybersecurity #BigData #Analytics #AI #IIoT #Python #RStats #TensorFlow #JavaScript #ReactJS #CloudComputing #Serverless #Linux #Programming #Coding #100DaysofCode #NLP üå±  üëÑ",en,2022-06-20T22:02:09.000Z
21,1538995386018299909,1539005453279145984,"Livraison gratuite et rapideüá´üá∑
WhatsApp 33 7 57 75 33 13
T√©l√®gram :@jasonbudds1
#Linux #100DaysofCode #PSG #france #weed #beuh #shit #cocaine #drogue #Toulouse #Montpellier #LOSC #Lyon #rastabot #pau #Grenoble #paris #citation #saintdenis #Python #JavaScript #Bordeaux #n√Æmes #Nan https://t.co/Vwa5oefcdL",fr,2022-06-20T22:01:08.000Z
22,819269364448956416,1539005439689609217,"Affordable prices for assignment and essay help
DM @laura_adams20 
#Essayhelp
#homework
#100DaysOfCode
#Paper
#homework
#essaywrite
#Econometrics
#math
#assignmentpay
#Exam
#Geography
#javascript
#Mathlab
#economics
#History
#codenewbies
#python
#PowerPoint",en,2022-06-20T22:01:04.000Z
23,291831562,1539005250719326208,"Can humanity be recreated in the metaverse?

Know more: https://t.co/YBLdlhvoZs

#MachineLearning¬†#AI¬†#Python¬†#DataScience¬†#BigData¬†
#DeepLearning¬†#IoT¬†#NLP¬†#100DaysOfCode¬†#5G¬†#robots¬†
#tech¬†#ArtificialIntelligence¬†#cloud¬†#4IR¬†#cybersecurity https://t.co/vwTAIZ5dRI",en,2022-06-20T22:00:19.000Z
24,1129030218813829120,1539005243010211841,"George has created a 3D scene from The Lion King. Well done Geroge! ü¶Å‚ú®

#m2mtechbytes #coding #design #designthinking #graphicdesign #news  #100DaysOfCode #GirlsWhoCode #coding #compsci #3DModelling  #STEM #programming #python #TeacherTwitter #edutwitter #Tech @CoSpaces_Edu https://t.co/5FjYdJ3BzC",en,2022-06-20T22:00:17.000Z
25,1221171513250013184,1539005232683708416,"üì∫ How to create a List in Python? - Python Tutorial for Beginners [VIDEO]

#python #developer #programming #100DaysOfCode

https://t.co/10nLMR0b4n",en,2022-06-20T22:00:15.000Z
26,1144063003785961472,1539005172856131587,"The Ultimate Pandas Bootcamp: Advanced Python Data Analysis | Course 

=&gt; https://t.co/KvnjnDOgk1

#100DaysOfCode #udemy #Python #Docker #Kubernetes #DevOps #Ansible #Algorithms #Git #Java #React #javascript30 #free #coupons",en,2022-06-20T22:00:01.000Z
27,1332714745871421443,1539005170553454594,"#Hiring?
Sign up now https://t.co/o7lVlsCHXv
FREE. NO MIDDLEMEN.
#Robotics #AIEthics #MachineLearning #AI #Python #DataScience #BigData #100DaysOfCode #Robots #fintech #insurtech #cybersecurity #blockchain #Bitcoin #coding #Cryptos #NFTGame #Job #Metaverse #ETH #Python #HR #DeFi https://t.co/E4vQziW63E",en,2022-06-20T22:00:00.000Z
28,1226128167015833601,1539005169375092741,"DAY25 #100DaysOfCode

‚úÖStarted learning #React! Easy concepts for now, excited to dig deeper. Using @eveporcello's @LinkedIn Learning course!
‚úÖSome more data cleaning with Pandas :) https://t.co/hIhkdId9ko",en,2022-06-20T22:00:00.000Z
29,1317394792523890689,1539003530551476225,"Day 21 of #100DaysOfCode 
I tried to write some functions that handle errors using exceptions in python.
https://t.co/ollUa9dSrD
Here's a link to the directory that contains the functions:",en,2022-06-20T21:53:29.000Z
30,1402185900247953410,1539003091080597514,"Affordable prices for assignment and essay help
DM @Academictutor20 
#Essayhelp
#homework
#100DaysOfCode
#Paper
#homework
#essaywrite
#Econometrics
#math
#assignmentpay
#Exam
#Geography
#javascript
#Mathlab
#economics
#History
#codenewbies
#python
#PowerPoint https://t.co/CDQR7zmtgp",en,2022-06-20T21:51:44.000Z
31,1538995386018299909,1539003010956857364,"Livraison gratuite et rapide
WhatsApp 33 7 57 75 33 13
T√©l√®gram :@jasonbudds1

#Linux #100DaysofCode #PSG #france #weed #beuh #shit #cocaine #drogue #Toulouse #Montpellier #LOSC #Lyon #rastabot #pau #Grenoble #paris #citation #saintdenis #Python #JavaScript #Bordeaux #n√Æmes #Nant https://t.co/3I5pAMvgwK",fr,2022-06-20T21:51:25.000Z
32,1526557629929164804,1539002950558916608,"RT ingliguori Types of #MachineLearning Algorithms in #Python
https://t.co/pP2fxZToE1 via @ingliguori #ArtificialIntelligence #AI #ML #DataScientists #innovation #CodeNewbies #Tech #deeplearning #CyberSecurity #nocode #Coding  #javascript #100DaysOfCode‚Ä¶ https://t.co/owXaqnLzeN",en,2022-06-20T21:51:11.000Z
33,1332714745871421443,1539002652222050305,"#Hiring?
Sign up now https://t.co/o7lVlsCHXv
FREE. NO MIDDLEMEN.
#Robotics #AIEthics #MachineLearning #AI #Python #DataScience #BigData #100DaysOfCode #Robots #fintech #insurtech #cybersecurity #blockchain #Bitcoin #coding #Cryptos #NFTGame #Job #Metaverse #ETH #Python #HR #DeFi https://t.co/ByZ9NPjHvP",en,2022-06-20T21:50:00.000Z
34,1355210413772840974,1539002553421144065,Day 12 debugging #100DaysOfCode #100daysofpython #coding #programming #python #udemy,en,2022-06-20T21:49:36.000Z
35,1536454319729426436,1539002312320229377,"Today I learned: creating Series, DataFrames, selection and indexing, creating new columns, removing columns, selecting rows with loc and iloc
#100daysofcode #python #udemy #numpy #Pandas #Series #DataFrames",en,2022-06-20T21:48:39.000Z
36,1532823741994045442,1539001927903678465,"Day 68/100, CSS Math Functions

https://t.co/jENGuTkAaY

#100DaysOfCode #CSS #techtwitter #programming #CodeNewbies #animation #skills #technology #FrontEnd #coding #HTML #portfolio #coding  #Resume #javascript #Python #Animate #JSON #opensource #Developer #webdev #coding",en,2022-06-20T21:47:07.000Z
37,1532823741994045442,1539001890586992650,"Day 69/100, The Shapes of CSS

https://t.co/NxCAZL5PhK

#100DaysOfCode #CSS #techtwitter #programming #CodeNewbies #animation #skills #technology #FrontEnd #coding #HTML #portfolio #coding  #Resume #javascript #Python #Animate #JSON #opensource #Developer #webdev #coding",en,2022-06-20T21:46:58.000Z
38,1532823741994045442,1539001853878345730,"Day 70/100, Social Media Icons with CSS

https://t.co/KZrbizh7SY

#100DaysOfCode #CSS #techtwitter #programming #CodeNewbies #animation #skills #technology #FrontEnd #coding #HTML #portfolio #coding  #Resume #javascript #Python #Animate #JSON #opensource #Developer #webdev",en,2022-06-20T21:46:49.000Z
39,1532823741994045442,1539001814644842497,"Day 71/100, What is Git?

https://t.co/Kur5qwdlt6

#100DaysOfCode #CSS #techtwitter #programming #CodeNewbies #animation #skills #technology #FrontEnd #coding #HTML #portfolio #coding  #Resume #javascript #Python #Animate #JSON #opensource #Developer #webdev",en,2022-06-20T21:46:40.000Z
40,1532823741994045442,1539001774425751552,"Day 72/100, Get Started with Git

https://t.co/LT0GxXkSxP

#100DaysOfCode #CSS #techtwitter #programming #CodeNewbies #animation #skills #technology #FrontEnd #coding #HTML #portfolio #coding  #Resume #javascript #Python #Animate #JSON #opensource #Developer #webdev",en,2022-06-20T21:46:30.000Z
41,1532823741994045442,1539001738031767552,"Want to know how to solve algorithm-styled problems?
Check out this article on how to solve NUMBER OF ISLANDS IN A GIVEN MATRIX

https://t.co/BejmqV7sO7

#100DaysOfCode #opensource #coding #Python",en,2022-06-20T21:46:22.000Z
42,1532823741994045442,1539001701994483712,"Day 73/100, Git Status, Stage, and Commit

https://t.co/zeGdkFfG6s

#100DaysOfCode #CSS #techtwitter #programming #CodeNewbies #animation #skills #technology #FrontEnd #coding #HTML #portfolio #coding  #Resume #javascript #Python #Animate #JSON #opensource #Developer #webdev",en,2022-06-20T21:46:13.000Z
43,1532823741994045442,1539001664182661121,"Day 74/100, Git Branches

https://t.co/XLNXjyrUGi

#100DaysOfCode #CSS #techtwitter #programming #CodeNewbies #animation #skills #technology #FrontEnd #coding #HTML #portfolio #coding  #Resume #javascript #Python #Animate #JSON #opensource #Developer #webdev",en,2022-06-20T21:46:04.000Z
44,1532823741994045442,1539001633622851585,"Day 75/100, Git Remote

https://t.co/ixsUPe0pLS

#100DaysOfCode #CSS #techtwitter #programming #CodeNewbies #animation #skills #technology #FrontEnd #coding #HTML #portfolio #coding  #Resume #javascript #Python #Animate #JSON #opensource #Developer #webdev",en,2022-06-20T21:45:57.000Z
45,1532823741994045442,1539001595274354689,"Day 76/100, Git Restore

https://t.co/xHjLQ9WCGp

#100DaysOfCode #CSS #techtwitter #programming #CodeNewbies #animation #skills #technology #FrontEnd #coding #HTML #portfolio #coding  #Resume #javascript #Python #Animate #JSON #opensource #Developer #webdev",en,2022-06-20T21:45:48.000Z
46,1532823741994045442,1539001563334725643,"Day 77/100, Git diff

https://t.co/GGxnIp2ZXC

#100DaysOfCode #CSS #techtwitter #programming #CodeNewbies #animation #skills #technology #FrontEnd #coding #HTML #portfolio #coding  #Resume #javascript #Python #Animate #JSON #opensource #Developer #webdev",en,2022-06-20T21:45:40.000Z
47,1343372118,1539001180059074560,"We deliver unique work üíç   
 üçá DM for value-based services  
 #python 
 #essaywrite 
 #100DaysOfCode 
 #Case study
 #Math 
 #Case study
 #python 
 #Onlineclass
 #Essay help 
 #Essay help 
 #Onlineclass 
 #Econometrics 
 üåé 
 ü¶ë 

 https://t.co/MrEPSqHB5x",en,2022-06-20T21:44:09.000Z
48,1392511996575223810,1539000660909244416,"Day 25 of my python programming study

CSV data files, pandas module
#pythonprogramming #Python #coding #100DaysOfCode #100Devs #BlackTechTwitter #DataScience #AI #MachineLearning https://t.co/cAVQOlzbxX",en,2022-06-20T21:42:05.000Z
49,1243665419501744133,1539000186432897025,"""There are no differences but differences of degree between different degrees of difference and no difference.""- William James #softwareengineer #javascript #python #C++ #golang #nodejs #reactjs #stockopertor #highgrowthstocks $SPX $QQQ $RUT $VIX #canslim #100DaysOfCode",en,2022-06-20T21:40:12.000Z
50,1332714745871421443,1539000135740321792,"#Hiring?
Sign up now https://t.co/o7lVlsCHXv
FREE. NO MIDDLEMEN.
#Robotics #AIEthics #MachineLearning #AI #Python #DataScience #BigData #100DaysOfCode #Robots #fintech #insurtech #cybersecurity #blockchain #Bitcoin #coding #Cryptos #NFTGame #Job #Metaverse #ETH #Python #HR #DeFi https://t.co/D9UmLZAKnH",en,2022-06-20T21:40:00.000Z
51,1538995386018299909,1539000008674005003,"Livraison gratuite et rapide
WhatsApp 33 7 57 75 33 13
T√©l√®gram :@jasonbudds1

#Linux #100DaysofCode #PSG #france #weed #beuh #shit #cocaine #drogue #Toulouse #Montpellier #LOSC #Lyon #rastabot #pau #Grenoble #paris #citation #saintdenis #Python #JavaScript #Bordeaux #n√Æmes #Nant https://t.co/gvSh5yxJ3U",fr,2022-06-20T21:39:29.000Z
52,845380769828802561,1538999940290162688,"Hire for quality work
#Physics 
Geography 
Nursing #Biochem  
#essay
#Pay assignment 
Economics 
#pay someone 
#python 
#Psychology
#Programming 
#Pay essay
Algebra 
Pay biology
#javascript 
#WomenWhoCode 
#Maths 
#100DaysOfCode
#Online classes
@martinmut5",en,2022-06-20T21:39:13.000Z
53,1438011311753924609,1538999715202707456,Day 52! Introduction to ARP spoofing. Last program grabbed the Mac addresses. Using a while true loop we now can spoof the connection over and over. Otherwise it resets.ü•∞üòáLearning so much! #100daysofcode #python3 #WomenWhoCode #python https://t.co/bNqWKxLnPy,en,2022-06-20T21:38:19.000Z
54,1529948803331244032,1538999442820440065,"#100DaysOfCode day 4. Went through regular expressions, networking and web services. #Python #freeCodeCamp Objects &amp; Databases tmr? lets see :)",en,2022-06-20T21:37:15.000Z
55,1538995386018299909,1538999439037239297,"Livraison gratuite et rapide
WhatsApp 33 7 57 75 33 13
T√©l√®gram :@jasonbudds1

#Linux #100DaysofCode #PSG #france #weed #beuh #shit #cocaine #drogue #Toulouse #Montpellier #LOSC #Lyon #rastabot #pau #Grenoble #paris #citation #saintdenis #Python #JavaScript #Bordeaux #n√Æmes #Nant https://t.co/Ic8CP1gLQH",fr,2022-06-20T21:37:14.000Z
56,1509162595453915138,1538999415259770885,"#100DaysOfCode
Day 27üéâ: Today I picked up my Python studies where I left off, so I learned Python Exceptions. I then tried my hands on a project featuring a couple of tasks utilising knowledge of this, and I pushed it to my GitHub- https://t.co/NwcsMkTqeq",en,2022-06-20T21:37:08.000Z
57,845380769828802561,1538999235290574848,"Hire for quality work
#Physics 
Geography 
Nursing #Biochem  
#essay
#Pay assignment 
Economics 
#pay someone 
#python 
#Psychology
#Programming 
#Pay essay
Algebra 
Pay biology
#javascript 
#WomenWhoCode 
#Maths 
#100DaysOfCode
#Online classes
#WorldMusicDay 
@martinmut5 https://t.co/DyzZCUcLWX",en,2022-06-20T21:36:25.000Z
58,1357331606319599619,1538999224179871749,"Ô£ø Both Fags Been Canceled 
#Python #Roblox #IoT #IIoT #Azure #PyTorch #Cython #RStats #DotNet #Web3 #Java #BTSV #ADA #CSharp #Flutter #SQL #TensorFlow #DeFi #JavaScript #ReactJS #Serverless #Linux #Security #NFT #opensource
#AI #CSS #WordPress #HTML #DevOps #100DaysOfCode #ETH https://t.co/SWcx0SlWhO",en,2022-06-20T21:36:22.000Z
59,845380769828802561,1538999070261395458,"DM for assignment help
#payessay
#Homeworkhelp
#EssayHelp
#Essaydue #Assignmenthelp
#payhomework
#paysomeone
#payresearch
#paypaperdue
#paydiscussion
#paycasestudy 
#Essaypay
#onlineclass 
#paystatistics
#python 
#Essay 
#100DaysOfCode
#WomenWhoCode
#NodeJS #IoT #javascript https://t.co/n4ODe8tgDe",en,2022-06-20T21:35:46.000Z
60,1094022475736903687,1538998691503165569,"Learn Data Science from DataCamp
Pay 59$ on an annual subscription 
Enroll from here:https://t.co/MOd54jQZ6B 
Watch the review: Deep Learning with Python
https://t.co/jJFEXKxjhn
#ml #research #data #DataScience #MachineLearning #DeepLearning #Rstats #100DaysOfCode",en,2022-06-20T21:34:15.000Z
61,1094022475736903687,1538998593755004928,"Learn DataScience from DataCamp
Pay 59$ on an annual subscription 
Enroll from here:https://t.co/MOd54jQZ6B 
Watch the review: Data Engineer with Python
https://t.co/utjgwPAH5I
#ml #research #data #DataScience #MachineLearning #DeepLearning #Rstats #100DaysOfCode",en,2022-06-20T21:33:52.000Z
62,1311789861930782720,1538998483721625607,"Day 29/100
‚úÖ Learnt about if, else and elif with much practice on @DataCamp

#100DaysOfCode #Python #DataScience #MachineLearning #BigData #DeepLearning #womenintech #ArtificialIntelligence #55daysofdata #I4GDataCamp",en,2022-06-20T21:33:26.000Z
63,1094022475736903687,1538998468282306562,"Learn Data Science from DataCamp
Pay 59$ on an annual subscription 
Enroll from here: https://t.co/MOd54jQZ6B
Watch the review: Data Analyst with Python
https://t.co/FBHKCCrdV9
#ml #research #data #DataScience #MachineLearning #DeepLearning #Rstats #100DaysOfCode",en,2022-06-20T21:33:22.000Z
64,397840851,1538998310148526080,"Pay someone to do 
your homework.üëáüëá

https://t.co/sIswV21nIB 

#DataScientists #ML #DataScience #SQL #Cybersecurity #BigData #Analytics #AI #IIoT #Python #RStats #TensorFlow #JavaScript #ReactJS #CloudComputing #Serverless #Linux #Programming #Coding #100DaysofCode #NLP üåπ  üåà",en,2022-06-20T21:32:45.000Z
65,1094022475736903687,1538998307384598529,"Learn Data Science from DataCamp
Pay 59$ on an annual subscription 
Enroll from here: https://t.co/MOd54jQZ6B
Machine Learning Scientist with Python Track Review
https://t.co/v5HYCFSekt
#DataAnalytics #Python3 #codingisfun   #DataScience #MachineLearning  #RStats  #100DaysOfCode",en,2022-06-20T21:32:44.000Z
66,845380769828802561,1538998267429658627,"Let me get a grade A in your:-
chemistry.,,,
physics
#100DaysOfCode
thesis
math
#programming
Statistics 
Earth sciences
#javascript
biology.
assignments.
essay due
essay pay
#python
research paper
thesis
online class.
@martinmut5 https://t.co/AsW1idgJKQ",en,2022-06-20T21:32:34.000Z
67,109652052,1538998110843805698,#BigData #Analytics #DataScience #AI #MachineLearning #IoT #IIoT #PyTorch #Python #RStats #TensorFlow #Java #JavaScript #CloudComputing #Serverless #DataScientist #Linux #Programming #Coding #100DaysofCode https://t.co/j4NPl4qsuN,qme,2022-06-20T21:31:57.000Z
68,1417581554,1538997897089253376,"Let's loop over a list of lists in Python. üêç üî• üöÄ 

#100DaysOfCode https://t.co/8VSk4V9SnB",en,2022-06-20T21:31:06.000Z
69,845380769828802561,1538997870258446336,"We are legit to offer you A grade in your
‚úìnursing
‚úìessays
‚úìchemistry
‚úìfinance
‚úìphysics
‚úìbiology.
‚úìphysi
‚úìchemistry
‚úìalgebra
‚úìcalculus
‚úìhomework
‚úìessay pay
‚úìessays 
Assignment due 
#100DaysOfCode...
#WomenWhoCode
#javascript
#Python
Dm @martinmut5",en,2022-06-20T21:31:00.000Z
70,922960773659463680,1538997862792581121,"Today's Coding Tip: Quick #Python Tips About Strings 
 #100DaysOfCode, #CodeNewbie, #301DaysOfCode #WomenWhoCode #WomenInTech
 Find FREE learning resources in https://t.co/LBpwxU1xQU https://t.co/3T4Kfcj4fk",en,2022-06-20T21:30:58.000Z
71,1332714745871421443,1538997620240265217,"#Hiring?
Sign up now https://t.co/o7lVlsl75X
FREE. NO MIDDLEMEN.
#Robotics #AIEthics #MachineLearning #AI #Python #DataScience #BigData #100DaysOfCode #Robots #fintech #insurtech #cybersecurity #blockchain #Bitcoin #coding #Cryptos #NFTGame #Job #Metaverse #ETH #Python #HR #DeFi https://t.co/5Z2V37cmfK",en,2022-06-20T21:30:00.000Z
72,1094022475736903687,1538997462286860290,"Learn Data Science from DataCamp
Pay 59$ on an annual subscription 
Enroll from here: https://t.co/MOd54jQZ6B
Machine Learning Scientist with Python Track Review
https://t.co/v5HYCFSekt
#DataAnalytics #Python3 #codinglife  #DataScience #MachineLearning  #RStats  #100DaysOfCode",en,2022-06-20T21:29:22.000Z
73,1324419772893810693,1538997408633438210,"We are legit to offer you A grade in your
‚úìnursing
‚úìessays
‚úìchemistry
‚úìfinance
‚úìphysics
‚úìbiology.
‚úìphysi
‚úìchemistry
‚úìalgebra
‚úìcalculus
‚úìhomework
‚úìessay pay
Assignment due 
#100DaysOfCode
#WomenWhoCode
#javascript
#Python
Kindly DM us @tutor720",en,2022-06-20T21:29:10.000Z
74,1094022475736903687,1538997148049620992,"Learn DataScience from DataCamp
Pay 59$ on an annual subscription 
Enroll from here: https://t.co/MOd54jQZ6B
Data Analyst with SQL Track Review
https://t.co/qbb5x9kdbZ
#Python #data #DataScience #MachineLearning #DataScience #MachineLearning #DeepLearning #Rstats #100DaysOfCode",en,2022-06-20T21:28:07.000Z
75,1949360875,1538997124729171968,#Fresh #chillout #bass #edm #tune: City Lights - Chris Tuttle | #Retweet #AI #rtitbot '@BlazedRTs '@RexRTs '@sme_rt #SpotifyRT #php #react #python #nodejs #flutter #webdev #100daysofcode #sound #design #coding | #Buy the #music https://t.co/YjhHw2ZZw3,en,2022-06-20T21:28:02.000Z
76,1094022475736903687,1538997112855224320,"Learn Data Science from DataCamp
Pay 59$ on an annual subscription 
Enroll from here: https://t.co/MOd54jQZ6B
Python Programmer Track Review
https://t.co/ZfRiP6oxbo
#ml #research #data #DataScience #MachineLearning #DeepLearning #Rstats  #100DaysOfCode",en,2022-06-20T21:27:59.000Z
77,1094022475736903687,1538997026339360770,"A Detailed Review of DataCamp Platform
Part1
https://t.co/WZzfgGMHoy
Part2
https://t.co/kYMZ8ysEgI
Enroll NOW for Only 59$/Year
üî• https://t.co/MOd54jQZ6B üî•
#research #DataScience #MachineLearning #data #Rstats #Python #100DaysOfCode",en,2022-06-20T21:27:38.000Z
78,1094022475736903687,1538996878796365824,"If you are an MIS Student, then you need this course: (ENROLL NOW)
MIS Journey
https://t.co/Ol16XE9lmN
#research #DataScience #MachineLearning #data #Rstats #Python #100DaysOfCode #coding #udemyfree #Java #javascript #Developers #DeepLearning #Analytics",en,2022-06-20T21:27:03.000Z
79,1519045274651754496,1538996788442853376,"Check out my Gig on Fiverr: I will do 3 modern creative minimalist logo design https://t.co/K4MokAk19r 
#logo #design #Mufc #HJPatel #blogger #PyTorch #machinelearning #DataScience #Python #TensorFlow #JavaScript #ReactJS #Flutter #CloudComputing  #WomenWhoCode #100DaysOfCode",en,2022-06-20T21:26:42.000Z
80,1094022475736903687,1538996644330577920,"If You Are an MIS Student, then you need this course "" MIS Student's Journey"" https://t.co/aW13vcCnSa #research #DataScience #MachineLearning #data #Rstats #Python #100DaysOfCode #coding #udemyfree #javascript #Developers #DeepLearning #Analytics",en,2022-06-20T21:26:07.000Z
81,1094022475736903687,1538996565896994816,"üî•üî•Free #DataScience Course for complete beginners üî•üî•
https://t.co/nv5yQQ7I6k
#research #DataScience #MachineLearning #data #Rstats #Python #100DaysOfCode #coding #udemyfree #Java #javascript #Developers #DeepLearning #Analytics",en,2022-06-20T21:25:49.000Z
82,1293962156476706818,1538996086341357568,"Day6 of python
I worked a little more on functions today. It was a little difficult at first, but after hours of research and crying I finally understood it, I think

#100DaysOfCode https://t.co/qI3ohXOLNG",en,2022-06-20T21:23:54.000Z
83,1199276082635120640,1538995870972227585,Day 20 of #100DaysOfCode I learnt about Python Decorators and it's uses. I wrote code to wrap words around the value of addition in a function I created. Thanks to @theZuriTeam for the lessons. #I4GZuri https://t.co/17TWus1IBM,en,2022-06-20T21:23:03.000Z
84,1324419772893810693,1538995757050634240,"Hire us to do your
*Project
*Math
*Essay due
*Pay write
*English
*Paper pay
*Case study
*Quiz
*Do my homework
*Online classes
*Python.
*Philosophy 
*Book review
Assignment due
#Pay someone write
#100DaysOfCode
#NodeJS
#javascript
#python
#WomenWhoCode
#Django 
#Serverless
#Linux",en,2022-06-20T21:22:36.000Z
85,1301739932810186752,1538995637039030273,"Python or JavaScript ?

#100DaysOfCode",cy,2022-06-20T21:22:07.000Z
86,1161437685820641281,1538995467580846080,"Ô£ø Great But It's Still A Fake üö© 
#Python #Roblox #IoT #ETH #Azure #PyTorch #Cython #RStats #DotNet #Java #BTSV #ADA #CSharp #Web3 #Flutter #SQL #JavaScript #ReactJS #Serverless #Linux #Security #NFT #opensource #Eminem #Nodejs 
#AI #CSS #WordPress #HTML #DevOps #100DaysOfCode https://t.co/B9ONA9rb6c",en,2022-06-20T21:21:27.000Z
87,1332714745871421443,1538995102844170246,"#Hiring?
Sign up now https://t.co/o7lVlsl75X
FREE. NO MIDDLEMEN.
#Robotics #AIEthics #MachineLearning #AI #Python #DataScience #BigData #100DaysOfCode #Robots #fintech #insurtech #cybersecurity #blockchain #Bitcoin #coding #Cryptos #NFTGame #Job #Metaverse #ETH #Python #HR #DeFi https://t.co/4ChkdPm7l9",en,2022-06-20T21:20:00.000Z
88,1524083282123517953,1538994695077998594,"How do you quickly buy verified PayPal accounts?
https://t.co/RtDTpIkCbH
‚≠ê‚≠ê‚≠ê‚≠ê‚≠ê
#100Daysofcode  #programming  #CodeNewbie #python #DataScience #gamedev #BigData #Coding #DataScience #MachineLearning #NeuralNetworks  #OpenSource #AI  #DEVCommunity #codinglife #python https://t.co/kaqACNENz7",en,2022-06-20T21:18:23.000Z
89,134434122,1538994318056243204,"#FEATURED #COURSES
Complete #Python #Developer in 2022: Zero to Mastery
How to become a #Python3 Developer and get hired
Build 12+ projects
learn #Web #Development
#Machine #Learning + more
https://t.co/vRkg9EK8Sw
#CodeNewbies #100DaysOfCode #webdevelopment #WomenWhoCode #online https://t.co/LqSqknTkWJ",en,2022-06-20T21:16:53.000Z
90,176742962,1538994089999233024,"#Pride2022 #truth
#Steam
#nonbinary #laicism #FreeSpeech
#indiegames #IndieGameDev #100DaysOfCode
#science #womenintech #Tech4All #tech
#TFSM #LGBT #LGBTQ #EU #UKR #peace
#cyberpunk #cybersecurity #steampunk #Flutter
#javascript #Python #Sherlock
#GideonTheNinth #cannabisculture https://t.co/7lLxHutdZw",qht,2022-06-20T21:15:58.000Z
91,176742962,1538993923317563392,"#Pride2022 #truth
#Steam
#nonbinary #laicism #FreeSpeech
#indiegames #IndieGameDev #100DaysOfCode
#science #womenintech #Tech4All #tech
#TFSM #LGBT #LGBTQ #EU #UKR #peace
#cyberpunk #cybersecurity #steampunk #Flutter
#javascript #Python #Sherlock
#GideonTheNinth #cannabisculture https://t.co/d8oZHxcaVj",qht,2022-06-20T21:15:19.000Z
92,1094022475736903687,1538993872080187394,"For limited time get my course "" Management Information Systems Student's Journey  "" for only 17$
https://t.co/SJz2Q4mYpK
#research #DataScience #MachineLearning #data #Rstats #Python #100DaysOfCode #coding #udemyfree #Java #javascript #Developers #DeepLearning #Analytics",en,2022-06-20T21:15:06.000Z
93,910879843054751744,1538993513559429121,"The best site to learn courses in di
https://t.co/KZdwk4eveP

#creativecoding #coding #css #React #Javascript #characterdesign #blender3d #python #Procreate #JavaScript #100DaysOfCode #gamedev #programming #openSource #dataScience #CloudComputing #Serverless #animation #cinema4d",en,2022-06-20T21:13:41.000Z
94,1317834479583567872,1538992839778086913,"Rameshcodes: Been working on projects and revising certain concepts. 
Day 12 ,13,14,15. check out the rock paper scissor game repo 
#100DaysOfCode #Python #DataScience https://t.co/viVlqdsvxS #onedatabookrt #100daysofcode",en,2022-06-20T21:11:00.000Z
95,1243665419501744133,1538992715500765184,"""What kills the creative force is not age or lack of talent, but our own spirit, our own attitude.""- Robert Greene #softwareengineer #javascript #python #C++ #golang #nodejs #reactjs #stockopertor #highgrowthstocks $SPX $QQQ $RUT $VIX #canslim #100DaysOfCode",en,2022-06-20T21:10:31.000Z
96,1332714745871421443,1538992585984815104,"#Hiring?
Sign up now https://t.co/o7lVlsCHXv
FREE. NO MIDDLEMEN.
#Robotics #AIEthics #MachineLearning #AI #Python #DataScience #BigData #100DaysOfCode #Robots #fintech #insurtech #cybersecurity #blockchain #Bitcoin #coding #Cryptos #NFTGame #Job #Metaverse #ETH #Python #HR #DeFi https://t.co/BxL5OS3ve9",en,2022-06-20T21:10:00.000Z
97,819269364448956416,1538992563801280517,"Affordable prices and absolute anonymity for assignment and essay help
DM @laura_adams20
#Essayhelp
#homework
#100DaysOfCode
#Paper
#homework
#essaywrite
#Econometrics
#math
#assignmentpay
#Exam
#javascript
#Geography
#Mathlab
#economics
#History
#codenewbies
#python
#PowerPoint",en,2022-06-20T21:09:54.000Z
98,819269364448956416,1538992433555447809,"Affordable prices and absolute anonymity for assignment and essay help
DM @laura_adams20
#Essayhelp
#homework
#100DaysOfCode
#Paper
#homework
#essaywrite
#Econometrics
#math
#assignmentpay
#Exam
#javascript
#Geography
#Mathlab
#economics
#History
#PowerPoint
#codenewbies
#python",en,2022-06-20T21:09:23.000Z
99,1522515650324975616,1538991802610483200,"Hire us to do your
*Project
*Math
*Essay due
*Pay write
*English
*Paper pay
*Case study
*Quiz
*Do my homework
*Online classes
*Python..
*Philosophy 
*Book review
#100DaysOfCode
#NodeJS
#javascript
#Serverles 
Dm @onlinewriters21 https://t.co/I8IqjvQ6kW",en,2022-06-20T21:06:53.000Z
